الدكتور المشرف,العام الدراسي,اسم المشروع,وصف المشروع
محمود رحال _عثمان اسماعيل ,2019_2020,المساعد الطبي الآلي ,بناء روبوت مساعد طبي يقوم بإعطاء الادوية لمريض في الوقت محدد وتقديم الطعام المناسب 
عامر بوشي _محمد ايمن نعال,2019_2020,المنبه المكاني الذكي,تصميم دارة تقوم بتنبيه المستخدم عند وصوله لمكان معين
محمود رحال _ عثمان اسماعيل , 2019 _2020,تصميم وتنفيذ عربة تسوق ذكية,تطبيق Android يقوم بقراءة الباركود من اجل مسح الأغذية والمنتجات المرغوب شراؤها اثناء وضعها في العربة
,,,
محمود رحال _عثمان اسماعيل,2019_2020,توليد كود برمجي لواجهة المستخدم,تحويل الصور المرسومة من خلال برامج رسوميات او مرسومة بخط اليد بواسطة عدسةالكاميرا او عدسة تلفون الى صفحة ويب html and css
محمود رحال _ ديمة مفتي الشوافعة, 2019_2020,ذراع روبوت فرز وتجميع صناعي ,يوجد العديد من روبوتات والاذرع التي تستخدم في مصانع لتقوم بمهام معينة في خطوط الانتاج التي تنتح عينات مختلفة وتحتاج الي فرز وتجميع وبذلك نلجأ لحل هذه المشكلة باستخدام حساس الالوان وحساس مغناطيسي وستتم عملية الفرز حسب قراءات الحساسات لمكعبات العمل
عامر بوشي,2019_2020,التسوق الالكتروني عبر الانترنيت,يهدف هذا التطبيق الى جعل التسوق اكثر سلاسة وبساطة وجعل عملية عملية الاتمتة بالنسبة لمالكي تطبيق اكثر سهولة في حساب اسعار منتجات ومعرفة عدد القطع المتوفرة في مستودع 
حازم عيسى,2019_2020,نظام ملاحة باستخدام تقنية الواقع المعزز,تقديم تطبيق اندرويد للمستخدم يوفر له نظام ملاحة متكامل بدلا من استخدام خرائط جوجل التقليدية
عامر بوشي _زكريا مهروسة,2019_2020,ادارة متجر الالبسة ,تطبيق خاص للمستخدمين حيث يستطيع الزبون من خلاله استعراض الالبسة الموجودة مع تصنيف الالبسة  وتطبيق الادارة خاص بصاحب المتجر حيث يستطيع استعراض طلبات القادمة واضافتها الى جدول الفواتير واستعراض المستخدمين وؤية اماكنهم 
محمود رحال_زكريا مهروسة,2019_2020,كرسي مساعدة مرضى الشلل الرباعي,تصميم نظام مساعد طبي للإعاقة الحركية حيث مصابين بالشلل لايتمكنو على الحركة والسيطرة على اعضاء الرأس فبتالي هذا المشروع يساعد المريض بالتحريك تبعا لزاوية حركة الرأس
محمود رحال_ حازم عيسى,2019_2020,التحكم بروبوت عن طريق الانترنيت,صناعة روبوت يمكن التحكم به والحصول على قراءات الحساسات بواسطة الانترنيت من اي مكان في العالم 
حازم عيسى,2019_2020,تصميم موقع تواصل اجتماعي ,"قدرة على تواصل مع الاخرين ,والسرعة والسهولة في التواصل , الترويج للمنتجات والخدمات , متابعة الاخبار والاحداث "
محمود رحال_ ديمة مفتي الشوافعة,2019_2020,العصا الذكية لمساعدة المكفوفين,تعبر عصا المكفوفين من اهم الادوات المتاحة في تحديد بعد العوائق في محيط المكفوف حيث تعتبر صلة الوصل بين المكفوف والبيئة المحيطة به 
عامر بوشي_ محمد أيمن نعال,2019_2020,الشيف الذكي,يهدف تطبيق الى مساعدة المستخدمين على ابتكار وصفات طعام بناء على مكونات المتوفرة لديهم مع تقديم نصائح غذائية  
محمود رحال_ زكريا مهروسة,2019_2020,تصميم وتنفيذ روبوت ذاتي الحركة قادر على رسم خرائط ثلاثية الابعاد عبر ماتلاب,روبوت هو الالة ميكانيكية قادرة على قيام بأعمال مبرمجة مسبقا اما بإشارة وسيطرة مباشرة من الانسان او بأشارة من برامج حاسوبية 
زكريا مهروسة,2019_2020,تسجيل حضور طلاب عن طريق قراءة  QR Code ,تصميم برمجية لآخذ تفقد الطلاب عن طريق QR   
زكريا مهروسة,2019_2020,تعرف على الاشخاص من خلال قزحية العين,موضوع معالجة الرقمية للصور يكون لتحسين المعلومات المصورة ولتسهيل تفسيرها وفهمها من قبل البشر بالإضافة الى معالجة بيانات الصور لأغراض التخزين على اوساط مختلفة وارسال الصور من مكان لأخر بأقل عرض نطاق ممكن
ديمة مفتي الشوافعة,2019_2020,تعرف على الموسيقى الشرقية,موسيقى العربية موسيقى مستقلة ولديها تاريخ طويل من التفاعل مع العديد من الانماط الموسيقية في الاقاليم الاخرى وهي مزيج من موسيقى شعوب العالم العربي 
عثمان اسماعيل,2019_2020,طلب تكسي عن بعد باستخدام خرائط جوجل,يعمل تطبيق عن طريق الحجز المسبق ل سيارة أجرة تقوم بنقل الزبائن من اماكن محددة للوصول الى وجهات مختلفة يقوم بتحديدها العميل عن طريق واجهات تطبيق حيث يتم الاعتماد على اختيار الطريق الاقصر انيا داخل التطبيق اعتمادا على خرائط جوجل ويسمع للعميل بمعرفة المسافة والوقت والاجرة
ديمة مفتي الشوافعة,2019_2020,سيارة ذاتية القيادة لتفادي العوائق,سيارة روبوت تحاكي عمل سيارة ذاتية القيادة فهي مركب عليها كاميرا لتمكنها من التعرف على الكائنات من خلال موديول مدرب باستخدام خوارزميات الذكاء الصنهي وتحليل الاشارة ضوئية لمعرفة اذا كانت حمراء او خضراء واكتشاف خطوط طريق وذلك باستخدام الرؤية الحاسوبية بالاضافة الى الحساسات لكي تتجاوز العقبات
ديمة مفتي الشوافعة,2019_2020,                                                                   Enjoy Touring     ,يهدف الى تنظيم الرحلات السياحية حسب المعاير المختلفة لكل مستخدم حيث يقوم بتصنيف رحلات الر رحلات فردية ورحلات عائلية او ضمن مجموعات بالاضافة الى انه يراعي خصائص كل صنف من هذه الاصناف ورغبات كل فئة عمرية 
حازم عيسى,2019_2020,تحكم بحركة نموذج روبوت (سيارة),"تستطيع السيارة عمل بث مباشر عن طريق الكاميرا الى موبايل, جعل تطبيق الاندرويد قادر على استقبال المشهد من كاميرا وعرضه على شاشة الجوال, تستطيع سيارة تفادي حواز ,نستطيع تحكم بالسيارة عن طريق عصا تحكم"
حازم عيسى ,2019_2020,تحكم بالسيارة عن طريق حركة اليد,تحكم بسيارة (روبوت) لاسلكيا عن طريق حساس Gyroscope MPU6050 لتحديد الاتجاه مثبت على قفاز باليد  حيث ترسل الاشارات من الحساس الى متحكم UNO موصول به ومنه الى حاسوب عن طريق شريحة Bluetooth  يتم ارسال الاشارات الى متحكم اخر MEGA  موجود في سيارة ليقوم بتفسير الاشارات المستقبلة واصدار الاوامر الى دارة تحكم بمحرك سيارة
عامر بوشي_ محمد ايمن نعال,2019_2020,تعلم اللغة الانكليزية,تسهيل تعلم اللغة الانكليزية من خلال الاستعانة بالتكنولوجية الحديثة حيث ان مشروع عبارة عن تطبيق Apk يعمل على اجهزة موبايل التي تعمل بنظام اندرويد
محمود رحال_  زكريا مهروسة,2019_2020,تصميم وتنفيذ روبوت اطفاء الآلي,تصميم وتنفيذ نظام الكتروني لكشف وملاحقة حرائق في اماكن يصعب الوصول اليها  فهو يهدف لتوفير وسائل الحماية من خلال اخماد الحرائق وتلبية الاحتياجات مطلوبة عن طريق تركيب عدد من الحساسات والادوات على اعتبار ان روبوت قابل للتعديل وتطوير 
محمود رحال _ عامر بوشي,2019_2020,تعرف على الوجوه,بناء تطبيقين يعتمدان على خوارزميات التعرف على الوجوه و نظام أمني للعثور على المطلوبين حيث يعمل المشروع على تسهيل الاجراءات الروتينية مثل تفقد والبحث عن شخص ما
محمود رحال_ عثمان اسماعيل,2019_2020,تصميم نظام لبيع الادوية في مستودع طبي,يعمل على تخديم المراكز الطبية وتزويدهم بالأدوية اللازمة بشكل آلي والغاء العمل اليدوي 
محمود رحال_عثمان اسماعيل,2019_2020,نظام الالكتروني لترجمة لغة الصم,تصميم نظام برمجي باستخدام ماتلاب وخوارزميات معالجة الصورة الرقمية ليقوم بترجمة الحروف والكلمات العبر عنها بلغة الاشارة لتسهيل عملية ايصال المعلومة من قبل الاشخاص المصابين بالصم الى الاشخاص السليمين 
عامر بوشي_ محمد ايمن نعال,2019_2020,دليل العقارات باستخدام تقنية GPS,يهدف المشروع الى تسهيل التعامل بين اصحاب المكاتب العقارية وزبائن فالمشروع يقوم بتسهيل عملية البحث عن عقار حيث يحوي على واجهه تفاعلية لتحديد متطلبات الباحث من نوع العقار ومجال السعر المطلوب والمنطقة المراد بحث فيها
عامر بوشي _ محمد ايمن نعال,2019_2020,تطبيق اندرويد لحجز تذاكر في شركة طيران,انشاء تطبيق لحجز تذاكر الذي يتيح للمستخدمين الحجز للرحلات وايضا الحجز في الفنادق وذلك حسب المعاير التي يحددها الزبون كما يتيح استعراض الوجهات السياحية الأكثر شهرة ورحلات التي تقدمها المكاتب السياحية كما يتيح للمكاتب اضافت رحلاتها واستقبال طلبات الحجوزات الطيران وفنادق ورد عليها
عامر بوشي,2019_2020,البطاقة الذكية لتوزيع مادة المازوت,ايجاد وسيلة فعالة للتواصل بين الزبون والمحطة حيث يستطيع اي زبون ان يطلب مادة المازوت من محطة قريبة منه وتوصيلها له بأسرع وقت ويستطيع صاحب المحطة ان يستخدم تطبيق لإستقبال طلبات العملاء لمحطته وتخديمهما ومن اجل ذلك فكرة البرنامج ABILI  الذي يعمل على محاكاة العملية سابقة بجميع نواحيها 
عامر بوشي_ محمد ايمن نعال,2019_2020,توزيع طلبات أدوية على الصيدلية,"يتألف مشروع من ثلاث تطبيقات تطبيق مخصص للصيدليات ومحلات البيع مستحضرات التجميل والمولات حيث يستطيع المستخدمون استعراض منتجات حسب نوع محل , تطبيق ثاني هو خاص بل مستودع حيث يتيح له رؤية الطلبات القادمة من مستخدمين وادارتها وارسال الرسائل للمستخدمين واستقبال رسائل منهم , التطبيق الثالث هو مخصص للسائق الذس سيقوم بإيصال الطلبية من مستودع للصيدلية حيث يتيح تطبيق عرض موقع المحل المطلوب"
عامر بوشي_محمد ايمن نعال,2019_2020,ادارة الموارد البشرية,هي تنمية قدرات العاملين وحسين ادائهم ورفع كفائتهم العملية وفنية وايجاد الوسائل المناسبة لرفع معنوياتهم وترغيبهم في العمل والاستمرارية فيه وحثهم على المشاركة لتحقيق اهداف المؤسسة يدخل في هذا كله توفير المزايا والحوافز المادية ومعنوية لاشباع رغباتهم الفردية والجماعية
محمود رحال -عثمان إسماعيل,2020-2021,مراقبة الطفل الرضيع اليا,مساعدة الأم ععى مراقبة طفلها ومراقبة الحالة الصحية للغرفة كدرجة الحرارة والرطوبة بالإضافة الى تزويد النظام بكاميرا للمراقبة عن بعد
محمود رحال -عثمان إسماعيل,2020-2021,تصميم وتنفيذ حاقن الي باستخدام تطبيقAndroid,تصميم جهاز يقوم بحقن كميات محددة من الدواء بالإضافة الى قياس اكسجة الدم ومراقبة نبضات القلب
محمود رحال -عثمان إسماعيل,2020-2021,منظومة مراقبة وتحكم باستخدام الحوسبة السحابية,انشاء منظومة مراقبة وتحكم بالتجهيزات الكهربائية في أي منشاة والهدف تطوير المنظومة بحيث تقوم بربط التجهيزات  الموجودة في أي منشاة بشبكة الانترنت والتحكم بها وادارتها عن بعد
محمود رحال -أحمد بليد,2020-2021,تطبيق سهولة الوصول لتتبع منظومة النقل الداخلي,استخدام بيئة الاندرويد لمحاكاة عمل منظومة باصات النقل الداخلي وذلك من خلال انشاء 3تطبيقات :وهي تطبيق الزبون وتطبيق السائق وتطبيق الموزع
محمود رحال -عثمان إسماعيل,2020-2021,تحكم ومراقبة بيت بلاستيك,التحكم المنظومة بشكل لاسلكي باستخدام  شريحة Arduino-Unoويتم التحكم بعمل المنظومة من خلال أوامر يتم ارسالها مباشرة من الواجهة المسؤولة ثم يتم استقبالها من خلال البلوتوث وتم تثبيت موبايل مزود بكاميرا من اجل المراقبة ومن ثم بثها عبر تطبيق Android
محمود رحال -عثمان إسماعيل,2020-2021,The eye,تطبيق اندرويد يهدف الى مساعدة ضعيفي البصر لرؤية الأشياء المحيطة بهم من حيث التعرف على الكائنات ونطق ما هو الكائن المستكشف
محمود رحال,2020-2021,تحليل وتصميم نظام اتمتة الديوان في مؤسسة المياه,إيجاد حلول مناسبة للأمور الروتينية:تحديد المعطيات وتوصيفها كأرشفة المستندات المتعلقة بالموظفين والوصول الى البيانات المؤرشفة بطريقة سلسة وتصميم واجهة مستخدم بسيطة للتعامل مع البرنامج مع وجود رسائل تنبيه وتأكيد ومساعدة
محمود رحال,2020-2021,مشروع أتمتة الديوان,أتمتة قسم الديوان في مديرية المعاهد التابعة لجامعة حلب  حيث تم الاعتماد على تطبيق الية العمل بالملفات الالكترونية عوضا عن الملفات الورقية المعرضة للتلف والضياع مما يسهل حفظها وسهولة استرجاعها
محمود رحال,2020-2021,أتمتة قسم المحاسبة في مديرية المعاهد,البرنامج يضم الواجهات التالية:موظفون وضرائب وخيارات والدوام والهدف تحسين  الأداء وزيادة السرعة وزيادة الانتاجية
محمود رحال -أحمد بليد-زكريا مهروسة,2020-2021,أتمتة الموارد البشرية في مديرية المعاهد,يهدف نظام أتمتة الموارد البشرية في مديرية المعاهد في مدينة حلب إلى تخديم موظفي المديرية في أتمتة عملهم في نظام الموارد البشرية من أدخال بيانات الموظفين أو استبدالها أو حفظ كل ما يخص الموظف ضمن ملفه الخاص
عامر بوشي -حازم عيسى,2020-2021,تطبيق أندرويد لأتمتة وكالة إعلانات,اهداف المشروع : .1 نشر ثقافة التسويق في المجتمعات العربية. .2 تسهيل تقديم خدمات التسويق واالاعلان ويوجد تطبيق للإدارة وتطبيق للزبون.
عامر بوشي -حازم عيسى,2020-2021,بناء نظام خبير في إدارة الموارد البشرية من حيث تقييم كفاءة الموظفين, مميزات النظام الخبير:سهلة االستخدام ألي مستخدم عادي أو مط ّور ووضوح مجال التطبيق والتعلم من الخبراء بطريقة مباشرة وغير مباشرةوتعليم غير المتخصصين واالستجابة لألسئلة البسيطة وكذلك المعقدة في حدود التطبيق وتوفير مستويات عالية من الخبرةفي حال عدم توفر خبير.
عامر بوشي -حازم عيسى,2020-2021,تطبيق أندرويد يقدم خدمات الكهرباء,"للكهرباء فوائد كثيرة جدا لا تُحصى ولا تُعّد, حيث توفر الوقت والجهد على الأشخاص وتُسهّل عل أعمال حياتهم اليوميةعلى الرغم من فوائد الكهرباء التي لا تعد ولا
تحصى إال أن لها مخاطر"
عامر بوشي ,2020-2021,"تطبيق خدمي لتلبية الحالات الاسعافية
باستخدام الاندرويد",شركة خاصة لسيارات الإسعاف بالإضافة لتطبيق أندرويد لتلبية الحالات الاسعافية بسبب الانتشار الكبير والسريع لنظام الأندرويد
حازم عيسى,2020-2021,تصميم وتنفيذ cncثلاثية الأبعاد," أن كلمة CNC ىي اختصار لػ Control Numerical Computerized و بشكل عاام تعني التحكـ الرقمي باستخداام
الحاسب وبشكل خاص تعني التحكـ الرقمي باالات المبرمجة أو قيادة آالات التشغيل باستخداام الحاسب وذلك باستخداـم
لغة برمجة خاصة
"
محمود رحال -أحمد بليد,2020-2021,تصميم وتنفيذ منظومة مراقبة وتحكم بسيارة,"الهدف من المشروع هو بناء سيارة يتم التحكم بها بأكثر من طريقة وبمجالين(عن قرب, عن بعد) ومراقبة الطريق أثناء حركتها من خلال بث مباشر عبر كاميرا مثبتة بها ومراقبة مؤشراتها الحيوية (سرعة , زيت , حرارة , مياه , وقود , اهتزازات على المحاور(Z,Y,X ) )وتحديد موقعها ( احداثيات الطول والعرض)."
,,,
عامر بوشي,2020_2021,اتمتة مول تسوق,سماح للزبون بالتصفح وطلب منتجات عبر الانترنيت الى بناء وسيلة الترونية تسهل التواصل بين زبون ومحل وذلك باستثمار جهاز موبايل الحاص بل زبون للتواصل عن بعد وبشكل الكتروني مع مركز تسوق والذي يكون لديه تطبيق مخدم ينتظر طلب زبون ويتجاوب مع طلب 
محمود رحال_ عثمان اسماعيل,2020_2021,تصميم ساعة تشابهية باستخدام الاردوينو,الاردينو هو عبارة عن لوحة الكترونية مفتوحة مصدر تتكون من مايكرو كنترولر قابل للبرمجة عن طريق برنامج arduino IDE وهي مصممة لجعل عملية استخدام الكترونات تفاعلية في مشاريع متعددة التخصصات
عثمان اسماعيل,2020_2021,كشف العملة المزيفة باستخدام تقنيات معالجة صورة,يضل تزييف العملات الورقية هاجسا يؤرق العديد من مؤسسات والشركات العامة لتأثيرها  السلبي على الاقتصاد ولصعوبة اكتشافها حيث تخضع جميع مراحل الانتاج عمولات النقد الورقية لاحدث طرق التكنولوجية ولعمليات تأمينية متطورة 
ديمة مفتي الشوافعة,2020_2021,تتبع التلاقي المكاني امخالطي مرضى الكورونا باستخدام تقنية GPS,يهدف هذا المشروع الى استخدام تكنولوجيا وكريسها في خدمة البشرية في ضلهذه الفترة الحرجة على كافة البشر وذلك من خلال تبليغ الاشخاص مستخدمي التطبيق باحتمالية اصابتهم بالوباء جراء مخالطة سابقة لشخص مسحته ايجابية ليقوم بحجز نفسه في منزل او اي مركز عزل صحي واستخدام اجراءات الاحترازية
 حازم عيسى _احمد بليد_ عامر بوشي,2020_2021,اتمتة القاعات الامتحانية باستخدام الخوارزمية الجينية,تحويل عملية توزيع الطلاب والمراقبين على القاعات الامتحانية من عملية يدوية وعشوائية بحتة تتطلب الكثير من جهد ووالوقت الى نظام الكتروني يمكن التعامل معه بسهولة ويسر وذلك من خلال وجود نظام الكتروني متكامل في كافة مجالات المرتبطة بعمليات التوزيع للطلاب ورز مراقبين
عامر بوشي _ جهاد ططري,2020_2021,متجر الالبسة الذكي,يهدف الى توفير جهد الذهني للعميل عندما يقع في حيرة من امره في اختيار الملابس التي تناسبه وهذا مايقع فيه اغلب العملاء الذين يرغبون بشراء ملابس ولايستقرون على موديل الا بعد مضي ساعات طويلة من تصفح ومشاهدة كثير من ملابس
محمود رحال_ عثمان اسماعيل,2020_2021,تحكم بمصنع عن طريق الواي فاي,يهدف لتصميم بنية مصغرة للتحكم في عمل بعض الاجهزة الالكترونية كالمحركات واللدات وغيرها عن طريق تصميم صفحة ويب مهمتها التحكم في هذا المصنع ورفع هذه الصفحة على مخدم على الانترنيت ليتسنى الدخول اليها وتحكم عن بعد
ديمة مفتي  الشوافعة,2020_2021,منصة لبناء وتخديم المتاجر ,يهدف مشروع لبناء منصة رقمية وتخديم متاجر الالكترونية تتمحور الفكرة عامة حول تقديم خدمة للزبائن ليقومو ببناء متاجرهم الالكترونية بدون اي خبرات برمجية او تقنية سابقة وتقديم مساعدة اللازمة لهم لبدء باتجارة الالكترونية وصوصول الى زبائن مستهدفين وتوفير اضافات مساعدة تستخدم ذكاء الاصطناعي كاالتعرف على صوت وchatbot  ومصنف يقوم بتصنيف منتجات حسب الصورة
عامر بوشي_زكريا مهروسة_احمد بليد,2020_2021,تنفيذ نظام حماية وملاحقة المركبات باستخدام انظمة الملاحة عبر الاقمار صناعية,يهدف مشروع لبناء منظومة مراقبة وتحكم بالمركبات وتحديد موقع المركبة حال فقدان وتخاطب وتواصل مع مركبة وتعرف على هوية السارق من خلال فتح تسجيل صوتي وتحكم بلمركبة عن بعد
عامر بوشي_جهاد ططري,2020_2021,اتمتة بطاقة ذكية لتوزيع مواد تموينية,توزيع المواد تموينية لمادتي سكر والارز لكل اسرة وذلك لتجنب الازدحام بين مواطنين في اثناء محاولتهم الحصول على تلك مواد
ديمة مفتي الشوافعة,2020_2021,تطبيق اندرويد Grocery Market,هو تطبيق برمجي في الاساس  حيث انه برنامج تم إنشاؤه بواسطة كومبوتر وقد تم تصميمه وتطويره ليتم تشغيله على اجهزة iphone وهواتف ذكية والاجهزة اللوحية والعديد من الاجهزة محمولة الاخرى 
عامر بوشي_جهاد ططري,2020_2021,نظام GIS لحدائق مدينة حلب,بناء نظام معلومات جغرافي للحدائق في مدينة حلب بتطبيق android للهواتف ذكية من خلال مخططات للحدائق مدعومة بقواعد بيانات مخزنة على حاسب وتحتوي هذه القواعد على احداثيات مخططات ومعلومات المرتبطة مع هذه الاحداثيات
حازم عيسى_زكريامهروسة_عامر بوشي,2020_2021,متابعة مريض عن طريق التنبهات الذكية ,مساعدة المرضى على تذكر مواعيد تناول الادوية ومواعيد مراجعة الاطباء ومتابعة حالتهم الصحية من خلال تحاليل واتباع الحميات الغذائية
ديمة مفتي الشوافعة,2020_2021,تطبيق لتعليم وتطوير مهارات برمجية,يقوم تطبيق بتقديم عديد من كورسات البرمجية لمختلف اللغات ويقسم كل كورس تعليمي الى عدة مستويات وتتركز طريقة تقديم كل كورس عن طريق طرح معلومات بشكل كتل توضيحية لكل مفهوم برمجي تتميز بلبساطة والشرح مدعوم بتنسيقات وفي نهاية كل كورس يوجد امتحان يجبر مستخدم هلى تنفيذه للانتقال الى مستوى تالي 
ديمة مفتي الشوافعة,2020_2021,معرف السيارة_car detector,"يهدف هذا المشروع إلى تصميم وتنفيذ نظام برمجبي متطور يعتمد على تقنيات الذكاء الاصطناعي وتعلم الآلة للكشف عن السيارات وتحديد مواقعها ضمن الصور أو تدفقات الفيديو اللحظية. يقوم النظام بمعالجة الإطارات الصورية وعزل الأجسام المتحركة، ثم استخدام نماذج تدريبية عميقة (Deep Learning) لتمييز السيارات عن غيرها من الأجسام، مع إمكانية تصنيف نوع المركبة (سيارة، شاحنة، دراجة) وتتبع حركتها، مما يخدم أنظمة المرور الذكية والمراقبة الأمنية."""
محمود رحال_ عثمان اسماعيل,2020_2021,دراسة وتصميم منظومة روبوتية خاصة بأعمال وحدات الهندسة عسكرية,توظيف تكنولوجيا المتطورة في تطوير منظومة روبوتية من شأنها حماية الانسان وتخفيف الاضرار المادية وبشرية
عامر بوشي_ جهاد ططري,2020_2021,تطبيق اندرويد نظام GIS للصيدليات المناوبة,يهدف مشروع لمساعدة مستخدم في ايجاد صيدلية مناوبة ومساعدة المستخدم في ايجاد دواء وايجاد اقصر مسافة بين موقعة واقرب صيدلة ومساعدة مستخدم على تحدث مع صيدلي عن اي استفسار عن دواء
زكريا مهروسة,2020_2021,تطبيق اندرويد لحل المعادلات الرياضية المطبوعة ومكتوبة بخط يد,تم انشاء تطبيق اعتمادا على كاميرا موبايل حيث تم استخدام تقنية ocr التي تعتمد على خوارزمية تتبع مسار chain code كأداة في تتبع مسار الحرف وتمييزه قد تم بناء هذا تطبيق وكتابة برمجياته بواسطة لغة جافا وبيئة اندرويد استديو بالاضافة الى وجود الاله حاسبة تحوي متحولات يمكن كتابة معادلات وحلها ايضا قمنا بإضافة ميزة تحويلات القياس
عامر بوشي_جهاد ططري,2020_2021,مشروع الخير,هذا مشروع هو جسر يربط بين المتبرع والمؤسسات الخيريةحيث يتكون من تطبيقين تطبيق للجمعيات الخيرية تقوم الجمعيات من خلاله بإعلان عن نشاطاتها وتطبيق للمسخدمين يتم فيه عرض كل ماتقوم الجمعيات الخيرية بالاعلان عنه
عامر بوشي_ جهاد ططري,2020_2021,بيع وشراء الحيوانات الاليفة ,يهدف هذا تطبيق على تمكين البائع من ترويج حيواناته بالشكل المناسب للزبون وتسهيل التواصل بين الزبون والبائع وتسريع عملية البحث عن حيوانات وشرائها ومعرفة زبون للمراكز الصحية الاقرب لمنزله وتمكين زبائن من الاطلاع على حيوانات الاجنبية
حازم عيسى_ زكريا مهروسة,2020_2021,التعرف على الاشكال باستخداام الشبكات مدربة مسبقا وتعلم العميق,"يهدف هذا المشروع إلى تصميم وتنفيذ نظام متطور للتعرف على الأشكال الهندسية وتصنيفها آلياً باستخدام تقنيات التعلم العميق (Deep Learning). يعتمد المشروع على استراتيجية التعلم الانتقالي (Transfer Learning) من خلال توظيف شبكات عصبية تلافيفية (CNN) مدربة مسبقاً على قواعد بيانات ضخمة (مثل ResNet أو VGG16)، وإعادة ضبطها (Fine-tuning) لتصبح قادرة على تمييز الأشكال بدقة عالية حتى في ظروف الإضاءة المتغيرة أو الزوايا المختلفة. يساهم النظام في أتمتة عمليات الفرز الصناعي والتعرف البصري في الروبوتات."""
محمود رحال -عثمان إسماعيل,2020-2021,مراقبة الطفل الرضيع اليا,مساعدة الأم ععى مراقبة طفلها ومراقبة الحالة الصحية للغرفة كدرجة الحرارة والرطوبة بالإضافة الى تزويد النظام بكاميرا للمراقبة عن بعد
محمود رحال -عثمان إسماعيل,2020-2021,تصميم وتنفيذ حاقن الي باستخدام تطبيقAndroid,تصميم جهاز يقوم بحقن كميات محددة من الدواء بالإضافة الى قياس اكسجة الدم ومراقبة نبضات القلب
محمود رحال -عثمان إسماعيل,2020-2021,منظومة مراقبة وتحكم باستخدام الحوسبة السحابية,انشاء منظومة مراقبة وتحكم بالتجهيزات الكهربائية في أي منشاة والهدف تطوير المنظومة بحيث تقوم بربط التجهيزات  الموجودة في أي منشاة بشبكة الانترنت والتحكم بها وادارتها عن بعد
محمود رحال -أحمد بليد,2020-2021,تطبيق سهولة الوصول لتتبع منظومة النقل الداخلي,استخدام بيئة الاندرويد لمحاكاة عمل منظومة باصات النقل الداخلي وذلك من خلال انشاء 3تطبيقات :وهي تطبيق الزبون وتطبيق السائق وتطبيق الموزع
محمود رحال -عثمان إسماعيل,2020-2021,تحكم ومراقبة بيت بلاستيك,التحكم المنظومة بشكل لاسلكي باستخدام  شريحة Arduino-Unoويتم التحكم بعمل المنظومة من خلال أوامر يتم ارسالها مباشرة من الواجهة المسؤولة ثم يتم استقبالها من خلال البلوتوث وتم تثبيت موبايل مزود بكاميرا من اجل المراقبة ومن ثم بثها عبر تطبيق Android
محمود رحال -عثمان إسماعيل,2020-2021,The eye,تطبيق اندرويد يهدف الى مساعدة ضعيفي البصر لرؤية الأشياء المحيطة بهم من حيث التعرف على الكائنات ونطق ما هو الكائن المستكشف
محمود رحال,2020-2021,تحليل وتصميم نظام اتمتة الديوان في مؤسسة المياه,إيجاد حلول مناسبة للأمور الروتينية:تحديد المعطيات وتوصيفها كأرشفة المستندات المتعلقة بالموظفين والوصول الى البيانات المؤرشفة بطريقة سلسة وتصميم واجهة مستخدم بسيطة للتعامل مع البرنامج مع وجود رسائل تنبيه وتأكيد ومساعدة
محمود رحال,2020-2021,مشروع أتمتة الديوان,أتمتة قسم الديوان في مديرية المعاهد التابعة لجامعة حلب  حيث تم الاعتماد على تطبيق الية العمل بالملفات الالكترونية عوضا عن الملفات الورقية المعرضة للتلف والضياع مما يسهل حفظها وسهولة استرجاعها
محمود رحال,2020-2021,أتمتة قسم المحاسبة في مديرية المعاهد,البرنامج يضم الواجهات التالية:موظفون وضرائب وخيارات والدوام والهدف تحسين  الأداء وزيادة السرعة وزيادة الانتاجية
محمود رحال -أحمد بليد-زكريا مهروسة,2020-2021,أتمتة الموارد البشرية في مديرية المعاهد,يهدف نظام أتمتة الموارد البشرية في مديرية المعاهد في مدينة حلب إلى تخديم موظفي المديرية في أتمتة عملهم في نظام الموارد البشرية من أدخال بيانات الموظفين أو استبدالها أو حفظ كل ما يخص الموظف ضمن ملفه الخاص
عامر بوشي -حازم عيسى,2020-2021,تطبيق أندرويد لأتمتة وكالة إعلانات,اهداف المشروع : .1 نشر ثقافة التسويق في المجتمعات العربية. .2 تسهيل تقديم خدمات التسويق واالاعلان ويوجد تطبيق للإدارة وتطبيق للزبون.
عامر بوشي -حازم عيسى,2020-2021,بناء نظام خبير في إدارة الموارد البشرية من حيث تقييم كفاءة الموظفين, مميزات النظام الخبير:سهلة االستخدام ألي مستخدم عادي أو مط ّور ووضوح مجال التطبيق والتعلم من الخبراء بطريقة مباشرة وغير مباشرةوتعليم غير المتخصصين واالستجابة لألسئلة البسيطة وكذلك المعقدة في حدود التطبيق وتوفير مستويات عالية من الخبرةفي حال عدم توفر خبير.
عامر بوشي -حازم عيسى,2020-2021,تطبيق أندرويد يقدم خدمات الكهرباء,"للكهرباء فوائد كثيرة جدا لا تُحصى ولا تُعّد, حيث توفر الوقت والجهد على الأشخاص وتُسهّل عل أعمال حياتهم اليوميةعلى الرغم من فوائد الكهرباء التي لا تعد ولا
تحصى إال أن لها مخاطر"
عامر بوشي ,2020-2021,"تطبيق خدمي لتلبية الحالات الاسعافية
باستخدام الاندرويد",شركة خاصة لسيارات الإسعاف بالإضافة لتطبيق أندرويد لتلبية الحالات الاسعافية بسبب الانتشار الكبير والسريع لنظام الأندرويد
حازم عيسى,2020-2021,تصميم وتنفيذ cncثلاثية الأبعاد," أن كلمة CNC ىي اختصار لػ Control Numerical Computerized و بشكل عاام تعني التحكـ الرقمي باستخداام
الحاسب وبشكل خاص تعني التحكـ الرقمي باالات المبرمجة أو قيادة آالات التشغيل باستخداام الحاسب وذلك باستخداـم
لغة برمجة خاصة
"
محمود رحال -أحمد بليد,2020-2021,تصميم وتنفيذ منظومة مراقبة وتحكم بسيارة,"الهدف من المشروع هو بناء سيارة يتم التحكم بها بأكثر من طريقة وبمجالين(عن قرب, عن بعد) ومراقبة الطريق أثناء حركتها من خلال بث مباشر عبر كاميرا مثبتة بها ومراقبة مؤشراتها الحيوية (سرعة , زيت , حرارة , مياه , وقود , اهتزازات على المحاور(Z,Y,X ) )وتحديد موقعها ( احداثيات الطول والعرض)."
عامر بوشي,2020_2021,اتمتة مول تسوق,سماح للزبون بالتصفح وطلب منتجات عبر الانترنيت الى بناء وسيلة الترونية تسهل التواصل بين زبون ومحل وذلك باستثمار جهاز موبايل الحاص بل زبون للتواصل عن بعد وبشكل الكتروني مع مركز تسوق والذي يكون لديه تطبيق مخدم ينتظر طلب زبون ويتجاوب مع طلب 
محمود رحال_ عثمان اسماعيل,2020_2021,تصميم ساعة تشابهية باستخدام الاردوينو,الاردينو هو عبارة عن لوحة الكترونية مفتوحة مصدر تتكون من مايكرو كنترولر قابل للبرمجة عن طريق برنامج arduino IDE وهي مصممة لجعل عملية استخدام الكترونات تفاعلية في مشاريع متعددة التخصصات
عثمان اسماعيل,2020_2021,كشف العملة المزيفة باستخدام تقنيات معالجة صورة,يضل تزييف العملات الورقية هاجسا يؤرق العديد من مؤسسات والشركات العامة لتأثيرها  السلبي على الاقتصاد ولصعوبة اكتشافها حيث تخضع جميع مراحل الانتاج عمولات النقد الورقية لاحدث طرق التكنولوجية ولعمليات تأمينية متطورة 
ديمة مفتي الشوافعة,2020_2021,تتبع التلاقي المكاني امخالطي مرضى الكورونا باستخدام تقنية GPS,يهدف هذا المشروع الى استخدام تكنولوجيا وكريسها في خدمة البشرية في ضلهذه الفترة الحرجة على كافة البشر وذلك من خلال تبليغ الاشخاص مستخدمي التطبيق باحتمالية اصابتهم بالوباء جراء مخالطة سابقة لشخص مسحته ايجابية ليقوم بحجز نفسه في منزل او اي مركز عزل صحي واستخدام اجراءات الاحترازية
 حازم عيسى _احمد بليد_ عامر بوشي,2020_2021,اتمتة القاعات الامتحانية باستخدام الخوارزمية الجينية,تحويل عملية توزيع الطلاب والمراقبين على القاعات الامتحانية من عملية يدوية وعشوائية بحتة تتطلب الكثير من جهد ووالوقت الى نظام الكتروني يمكن التعامل معه بسهولة ويسر وذلك من خلال وجود نظام الكتروني متكامل في كافة مجالات المرتبطة بعمليات التوزيع للطلاب ورز مراقبين
عامر بوشي _ جهاد ططري,2020_2021,متجر الالبسة الذكي,يهدف الى توفير جهد الذهني للعميل عندما يقع في حيرة من امره في اختيار الملابس التي تناسبه وهذا مايقع فيه اغلب العملاء الذين يرغبون بشراء ملابس ولايستقرون على موديل الا بعد مضي ساعات طويلة من تصفح ومشاهدة كثير من ملابس
محمود رحال_ عثمان اسماعيل,2020_2021,تحكم بمصنع عن طريق الواي فاي,يهدف لتصميم بنية مصغرة للتحكم في عمل بعض الاجهزة الالكترونية كالمحركات واللدات وغيرها عن طريق تصميم صفحة ويب مهمتها التحكم في هذا المصنع ورفع هذه الصفحة على مخدم على الانترنيت ليتسنى الدخول اليها وتحكم عن بعد
ديمة مفتي  الشوافعة,2020_2021,منصة لبناء وتخديم المتاجر ,يهدف مشروع لبناء منصة رقمية وتخديم متاجر الالكترونية تتمحور الفكرة عامة حول تقديم خدمة للزبائن ليقومو ببناء متاجرهم الالكترونية بدون اي خبرات برمجية او تقنية سابقة وتقديم مساعدة اللازمة لهم لبدء باتجارة الالكترونية وصوصول الى زبائن مستهدفين وتوفير اضافات مساعدة تستخدم ذكاء الاصطناعي كاالتعرف على صوت وchatbot  ومصنف يقوم بتصنيف منتجات حسب الصورة
عامر بوشي_زكريا مهروسة_احمد بليد,2020_2021,تنفيذ نظام حماية وملاحقة المركبات باستخدام انظمة الملاحة عبر الاقمار صناعية,يهدف مشروع لبناء منظومة مراقبة وتحكم بالمركبات وتحديد موقع المركبة حال فقدان وتخاطب وتواصل مع مركبة وتعرف على هوية السارق من خلال فتح تسجيل صوتي وتحكم بلمركبة عن بعد
عامر بوشي_جهاد ططري,2020_2021,اتمتة بطاقة ذكية لتوزيع مواد تموينية,توزيع المواد تموينية لمادتي سكر والارز لكل اسرة وذلك لتجنب الازدحام بين مواطنين في اثناء محاولتهم الحصول على تلك مواد
ديمة مفتي الشوافعة,2020_2021,تطبيق اندرويد Grocery Market,هو تطبيق برمجي في الاساس  حيث انه برنامج تم إنشاؤه بواسطة كومبوتر وقد تم تصميمه وتطويره ليتم تشغيله على اجهزة iphone وهواتف ذكية والاجهزة اللوحية والعديد من الاجهزة محمولة الاخرى 
عامر بوشي_جهاد ططري,2020_2021,نظام GIS لحدائق مدينة حلب,بناء نظام معلومات جغرافي للحدائق في مدينة حلب بتطبيق android للهواتف ذكية من خلال مخططات للحدائق مدعومة بقواعد بيانات مخزنة على حاسب وتحتوي هذه القواعد على احداثيات مخططات ومعلومات المرتبطة مع هذه الاحداثيات
حازم عيسى_زكريامهروسة_عامر بوشي,2020_2021,متابعة مريض عن طريق التنبهات الذكية ,مساعدة المرضى على تذكر مواعيد تناول الادوية ومواعيد مراجعة الاطباء ومتابعة حالتهم الصحية من خلال تحاليل واتباع الحميات الغذائية
ديمة مفتي الشوافعة,2020_2021,تطبيق لتعليم وتطوير مهارات برمجية,يقوم تطبيق بتقديم عديد من كورسات البرمجية لمختلف اللغات ويقسم كل كورس تعليمي الى عدة مستويات وتتركز طريقة تقديم كل كورس عن طريق طرح معلومات بشكل كتل توضيحية لكل مفهوم برمجي تتميز بلبساطة والشرح مدعوم بتنسيقات وفي نهاية كل كورس يوجد امتحان يجبر مستخدم هلى تنفيذه للانتقال الى مستوى تالي 
ديمة مفتي الشوافعة,2020_2021,معرف السيارة_car detector,"يهدف هذا المشروع إلى تصميم وتنفيذ نظام برمجبي متطور يعتمد على تقنيات الذكاء الاصطناعي وتعلم الآلة للكشف عن السيارات وتحديد مواقعها ضمن الصور أو تدفقات الفيديو اللحظية. يقوم النظام بمعالجة الإطارات الصورية وعزل الأجسام المتحركة، ثم استخدام نماذج تدريبية عميقة (Deep Learning) لتمييز السيارات عن غيرها من الأجسام، مع إمكانية تصنيف نوع المركبة (سيارة، شاحنة، دراجة) وتتبع حركتها، مما يخدم أنظمة المرور الذكية والمراقبة الأمنية."""
محمود رحال_ عثمان اسماعيل,2020_2021,دراسة وتصميم منظومة روبوتية خاصة بأعمال وحدات الهندسة عسكرية,توظيف تكنولوجيا المتطورة في تطوير منظومة روبوتية من شأنها حماية الانسان وتخفيف الاضرار المادية وبشرية
عامر بوشي_ جهاد ططري,2020_2021,تطبيق اندرويد نظام GIS للصيدليات المناوبة,يهدف مشروع لمساعدة مستخدم في ايجاد صيدلية مناوبة ومساعدة المستخدم في ايجاد دواء وايجاد اقصر مسافة بين موقعة واقرب صيدلة ومساعدة مستخدم على تحدث مع صيدلي عن اي استفسار عن دواء
زكريا مهروسة,2020_2021,تطبيق اندرويد لحل المعادلات الرياضية المطبوعة ومكتوبة بخط يد,تم انشاء تطبيق اعتمادا على كاميرا موبايل حيث تم استخدام تقنية ocr التي تعتمد على خوارزمية تتبع مسار chain code كأداة في تتبع مسار الحرف وتمييزه قد تم بناء هذا تطبيق وكتابة برمجياته بواسطة لغة جافا وبيئة اندرويد استديو بالاضافة الى وجود الاله حاسبة تحوي متحولات يمكن كتابة معادلات وحلها ايضا قمنا بإضافة ميزة تحويلات القياس
عامر بوشي_جهاد ططري,2020_2021,مشروع الخير,هذا مشروع هو جسر يربط بين المتبرع والمؤسسات الخيريةحيث يتكون من تطبيقين تطبيق للجمعيات الخيرية تقوم الجمعيات من خلاله بإعلان عن نشاطاتها وتطبيق للمسخدمين يتم فيه عرض كل ماتقوم الجمعيات الخيرية بالاعلان عنه
عامر بوشي_ جهاد ططري,2020_2021,بيع وشراء الحيوانات الاليفة ,يهدف هذا تطبيق على تمكين البائع من ترويج حيواناته بالشكل المناسب للزبون وتسهيل التواصل بين الزبون والبائع وتسريع عملية البحث عن حيوانات وشرائها ومعرفة زبون للمراكز الصحية الاقرب لمنزله وتمكين زبائن من الاطلاع على حيوانات الاجنبية
حازم عيسى_ زكريا مهروسة,2020_2021,التعرف على الاشكال باستخداام الشبكات مدربة مسبقا وتعلم العميق,"يهدف هذا المشروع إلى تصميم وتنفيذ نظام متطور للتعرف على الأشكال الهندسية وتصنيفها آلياً باستخدام تقنيات التعلم العميق (Deep Learning). يعتمد المشروع على استراتيجية التعلم الانتقالي (Transfer Learning) من خلال توظيف شبكات عصبية تلافيفية (CNN) مدربة مسبقاً على قواعد بيانات ضخمة (مثل ResNet أو VGG16)، وإعادة ضبطها (Fine-tuning) لتصبح قادرة على تمييز الأشكال بدقة عالية حتى في ظروف الإضاءة المتغيرة أو الزوايا المختلفة. يساهم النظام في أتمتة عمليات الفرز الصناعي والتعرف البصري في الروبوتات."""
محمود رحال,2024-2025,تطبيق للوصول الى المعلومات والخدمات الجامعية,"يستمد هذا المشروع أصالته من كونه ُمصمما خصيصا لتلبية احتياجات كلية الهندسة الكهربائية واإللكترونية بجامعة حلب، مع مراعاة طبيعة البيئة الجامعية المحلية والتحديات المرتبطة بالبنية التحتية الرقمية."
محمود رحال,2024-2025,التقييم الأكاديمي للطللاب,نظام رقمي حديث يهدف الى دعم البيئة التعليمية من خلال تقديم منصة متكاملة تسهل التواصل بين المركز التعليمي وطلابه
محمود رحال,2024-2025,تطبيق لتشخيص مرض اعتلال الشبكية السكري,"أداة ذكية تساعد الأطباءوالمستخدمين العاديين على  اكتشاف مرض اعتلال الشبكية السكري من صور العين ،بدقة عالية وسرعة ،مع تقديم توصيات علاجية مخصصة بناءً على التصنيف"
محمود رحال,2024-2025,منصة امتحانات اكاديمية أون لاين,أهداف المشروع:تطوير منصة  امتحانات الكترونية ذكية وتمكين المعلمين من انشاء  وتصحيح  الاختبارات اليا وإتاحة التسجيل المخصص حسب الدور(طالب أو معلم أومدير)وبناء بنك أسئلة منظم ومصنف
محمود رحال,2024-2025,سافر وكن جزءا من العالم,"تطوير منصة إلكترونية تتيح للمستخدم في البداية حجز تذكرة السفروبعد إتمام الحجز، يتم عرض مجموعة من الخيارات للفنادق المتوفرة في
تلك الوجهة، مع إمكانية الحجز المباشر وتقييم الفندق لاحقا وتقدم المنصة معلومات عن أبرز المطاعم والمعالم السياحية في المدينة المختارة، مما
يساعد المستخدم على التخطيط لتجربته بالكامل من مكان واحد"
محمدأيمن نعال,2024-2025,نظام الري الذكي,"في هذا المشروع نستعرض نظام ري ذكي للنباتات يتحسس رطوبة التربة باستخدام شريحة Module Dev 32ESP ي قوم بتحليل الظروف البيئية )رطوبة التربة ، درجة الحرارة ، وحالة الطقس ( والتحكم بعملية الري بشكل )تلقائي ، يدوي ، مجدول( ويتم اختيار حالة الري باستخدام واجهة ويب ."
محمدأيمن نعال,2024-2025,تطبيق دليل المساجد,"تطوير تطبيق موبايل يعمل على توفير دليل شامل لمساجد مدينة حلب,بحيث يمكن للمستخدمين الوصول بسهولة الى المعلومات المتعلقة بكل مسجد,بما في ذلك الموقع,أوقات الصلاة,الخدمات المتاحة ,والأحداث الدينية"
محمدأيمن نعال,2024-2025,نظام إدارة الحضور في القاعات االمتحانية باستخدام تقنيات الذكاء االصطناعي,"نظام إدارة الحضور في قاعات االمتحان باستخدام تقنية التعرف على الوجه، حيث يُعد هذا النظام من األنظمة الذكية الداعمة لرقمنة العملية التعليمية وتحسين إجراءات المراقبة واإلشراف داخل قاعات االمتحان"
محمدأيمن نعال,2024-2025,رعاية ونمو,"يهدف مشروع إلى تصميم وتطوير نظام متكامل لمراقبة األطفال حديثي الوالدة عن بعد، يعتمد على استخدام الكاميرات الذكية وتقنيات االتصال الحديثة إلرسال إشعارات فورية إلى األهل أو الطاقم الطبي في حال اكتشاف أي تغيرات تستدعي التدخل. باإلضافة إلى ذلك، يوفر النظام إمكانية تتبع نمو الطفل من خالل تسجيل البيانات األساسية مثل النوم، التغذية، والنشاط اليومي، مما يساعد األهل على فهم احتياجات طفلهم بشكل أفضل."
محمدأيمن نعال,2024-2025,حيواناتنا الأليفة وكل ما تحتاجه,"منصة متكاملة مخصصة لمحبي الحيوانات , تقدم خدمات متنوعة تشمل متجراً لبيع الحيوانات الأليفة , متجراً لمستلزماتها , دليلاً شاملاً للرعاية الصحية , وجمعية خيرية تدعم تبني الحيوانات المشردة وتنظم حملات للعناية بها , بالإضافة إلى ملجأ يوفر المـأوى والدعم للحيوانات المحتاجة."
زكريا مهروسة,2024-2025,تطبيق لرعاية الحيوانات الأليفة PET X,تطبيق X PET هو تطبيق يعمل على رعاية الحيوانات االأليفه بطريقه سلسه ومنظمه بحيث يساعد المستخدم على تنفيذ كافه مهام الحيوان األليف بطريقه سريعة ومترابطة
زكريا مهروسة,2024-2025,نظام ذكي لتسجيل دخول وخروج الموظفين للشركات العاملة عن بعد من خلال التعرف على الوجه,"كيفية تصميم وتنفيذ نظام تسجيل دخول يعتمد على التعرف على الوجه، مع التركيز على الجوانب التقنية مثل جمع البيانات، معالجة الصور، استخدام خوارزميات التعلم العميق، باإلضافة إلى التحديات التي قد تواجه هذا النظام وكيفية التعامل معها."
زكريا مهروسة,2024-2025,تشخيص مرض الزهايمر باستخدام التعلم العميق,"كيفية توظيف تقنيات التعلم العميق في تشخيص مرض الزهايمر، مع  استعراض أبرز الأساليب المعتمدة، مثل الشبكات العصبية التالفيفية(CNNs)، وأهمية قواعد البيانات الطبية في تدريب النماذج، بالا ضافة إلى مناقشة التحديات التي تواجه هذا المجال، والفرص المستقبلية لتطوير حلول تقنية دقيقة وفعّالة تُسهم في تحسين التشخيص والرعاية الصحية."
زكريا مهروسة,2024-2025,تحويل الصور النقطية الى متجهات شعاعية," تطبيق Enhancer and Converter SVGهو برنامج رسومي متكامل مبني بلغة Python باستخدام مكتبة Tkinter، ومصمم خصي ًصا لتحسين الصور (Enhancement )وتحويلها إلى ملفات SVG(صور متجهة شعاعية)، مع ميزات إضافية مثل إزالة الخلفية، واستخراج الطبقات، وإعداد الملفات للطباعة على الملابس أو أغراض أخرى."
محمود شعار,2024-2025,تطبيق تشخيص الأمراض الجلدية باستخدام تقنيات الذكاء الصنعي,يهدف هذا المشروع إلى استخدام التّكنولوجيا وتكريسها في خدمة البشريّة وذلك من خلال تبليغ الأشخاص مستخدميّ التّطبيق في احتماليّة إصابتهم بالمرض ويمكن للمريض استخدام الكاميرلتصوير المنطقة المصابة ومراسلة الطبيب مباشرة.
محمود شعار,2024-2025,تصميم وتنفيذ منصة حجز وإدارة رحلات جوية,"منصة ذكية لحجز وإدارة رحلات الطيران، تهدف إلى تسهيل تجربة السفر الجوي للمستخدمين من خلال حلول رقمية متقدمة تجمع بين السرعة، الدقة، والراحة. توفر المنصة للمستخدمين بيئة رقمية مرنة وسهلة االستخدام تُم ّكنهم من استكشاف الرحلات، الحجز، إدارة بياناتهم، والتواصل مع شركات الطيران بسهولة"
محمود شعار,2024-2025,مدونة سفر رقمية,"تم تصميم وتطوير منصة رقمية مبتكرة تهدف إلى تقديم تجربة سياحية متكاملة تدعم احتياجات السياح المحليين والدوليين، وتمكنهم من استكشاف وجهات سياحية مميزة بطريقة تفاعلية وسهلة. ترتكز المنصة على توفير أدوات رقمية فعّالة تساعد المستخدمين في التعرف على المناطق السياحية، حجز البرامج، ومشاركة تجاربهم الشخصية، مما يعزز من تفاعلهم ويثري تجربتهم السياحية"
سوسن اسجيع -محمود شعار,2024-2025,تطبيق ويب لادارة جميع التبرعات للعمليات الجراحية,تطو ير تطبيق ويب مبتكر يسهل عملية جمع التبرعات للعمليات الجراحية وتوزيعها بكفاءة وشفافية وربط المرضى المحتاجين بالمتبر عين الراغبين في تقديم المساعدة.
محمود ادلبي شعار,2024-2025,نظام للكشف عن الالتهاب الرئوي باستخدام تقنيات الذكاء الصنعي,"تصميم وتطوير تطبيق ذكي يعمل على تحليل صور الأشعة الصدرية (X-ray) باستخدام تقنيات الذكاء الاصطناعي، لتقديم تشخيص أولي يساعد المستخدمين (غير المتخصصين) في الكشف المبكر عن الإصابة بالالتهاب الرئوي."
محمود ادلبي شعار,2024-2025,تطبيقflatterلادارة المشاريع الصغيرة,"يوفر التطبيق جميع المزايا التي يحتاجها الشخص لادارة المشروع دون الحاجة الى تطبيقات أخرى,حيث انه يدمج بين مزايا تطبيقات التواصل الاجتماعي وتطبيقات المتاجر الالكترونية,لتكوين مجتمع متكامل من زبائن ومتاجر"
اياد هلالي -سوسن اسجيع,2024-2025,بناء منصة ذكية للتواصل بلغة الاشارةCoHand GPT,"قدم هذا المشروع منصة تفاعلية ذكية تهدف الى تمكين ذويي الاعاقة السمعية من التواصل المباشر مع النماذج اللغوية باستخدام لغة اإلشارة االامريكية (ASL)، دون الحاجة الى وسيط بشري. تبدأ عمليه المعالجة بالتقاط ايماءات اليد من الفيديو الا ني باستخدام تقنية MedaiPipe، وهي مكتبة متخصصة في تحليل اإلشارات البصرية تتيح استخراج معالم دقيقة لليدين والوجه والجسد في الزمن الحقيقي."
احمد بليد,2024-2025,تطبيق توصيل طلبات طعام شبيه بتطبيق طلباتي,يعتبر التطبيق منصة شاملة توفر  مجموعة من الخدمات الروتينية التي تلبي احتياجات المستخدم  في حياته اليومية من خلال اختيار الأطباق أو الوجبات بالإضافة للمشروبات التي يود ويرغب في تناولها خلال يومه
سوسن اسجيع-يحيى فريد,2024-2025,أنموذج أمن لشبكة WANمعرفة برمجيا,"تصميم وتنفيذ شبكة مؤسسية حديثة تعتمد على تقنيات SD-WANلربط فرع رئيسي بفروع ثانوية موزعة جغرافيا لاحد المؤسسات,مع وجود فرع تأمين مخصص للحماية والتوجيه الأمني"
سوسن اسجيع,2024-2025,المساعد الذكي في علم التشريح,بناء منصة رقمية تفاعلية ذكية على شكل موقع ويب يقدم خدمة تعليمية مخصصة لطلاب الطب في مخبر التشريح بجامعة حلب
سوسن اسجيع,2024-2025,إدارة وكيل بيع وتسويق المعدات الطبية,"يهدف المشروع إلى بناء نظام لوكيل بيع وتسويق المعدات الطبية، يشتمل النظام على تطوير تطبيق الكتروني متكامل يخدم المشافي والأطباء والمراكز الجراحية في مختلف المحافظات، وبناء موقع انترنت لادارة الوكلاء."
سوسن اسجيع,2024-2025,انشاء نظام محادثة الي لخدمة الجامعة بالدمج بين تقنيات معالجة اللغات الطبيعية وتعلم الالة,يهدف المشروع إلى تطوير نظام محادثة ذكي مخصص لمساعدة طالب قسم هندسة الحاسوب في كلية الهندسة الكهربائية وااللكترونية في جامعة حلب. يعتمد النظام على تقنيات التعلم االلي ومعالجة اللغات الطبيعية لفهم احتياجات الطالب واالجابة على استفساراتهم بشكل دقيق وفعال.
سوسن اسجيع,2024-2025,موقع  STEM التنموي لليافعين,"يهدف مشروع  STEM LAB إلى بناء منصة تعليمية تفاعلية تهدف إلى تعليم البرمجة للأطفال واليافعين بأسلوب شيّق وسلس، وذلك من خلال ثلاث مسارات أساسية : لغة البرمجةC++  و لغة البرمجةScratch  ومبادئ علم الروبوتيكس من خلال تعليم تركيب وبرمجة الروبوت   LEGO EV3."
جميلة إبراهيم,2024-2025,قراءة الوصفات الطبية المكتوبة بخط اليد باستخدام الذكاء الصنعي,هدف مشروع   تصميم وتطوير تطبيق ذكي يعتمد على تقنيات الذكاء االصطناعي والتعرف الضوئي على الأحرف لقراءة الوصفات الطبية المكتوبة بخط اليد وتحويلها إلى صيغة رقمية منظمة وواضحة.
جميلة إبراهيم,2024-2025,تصنيف المقالات حسب الفئة العمرية,"يقوم النظام المقترح بتحليل المقالات بفحص النصوص وتقييمها بناء على معايير محددة، مما يعزز الفعالية في تصفية المحتوى غير اللائق أو العنصري ويساعد هذا النظام في تحسين محتوى الإنترنت ويقوم بدور حيـوي في تصـفية المحتـوى الـذي قـد يكً ـون ضـارا أو غـير ملائـم للفئـات العمريـة الشابة(الأطفال)."
جميلة إبراهيم,2024-2025,مساعد ذكي للمكفوفين,"يهدف هذا المشروع إلى تطوير مساعد ذكي للمكفوفين يعتمد على تقنيات الرؤية الحاسوبية والذكاء االصطناعي، لتمكين المستخدم الكفيف من إدراك وفهم محيطه بشكل أفضل عبر كاميرا الهاتف المحمول"
جميلة إبراهيم,2024-2025,موقع لتعلم اللغة الفرنسية,موقع ويب لتعليم اللغة الفرنسية بطريقة أكاديمية ويعتمد على اختبارات تفاعلية يتضمن الموقع خمس كورسات أساسية لِّلغة هي االستماع والمحادثة والقواعد والصوتيات والقراءة بحيث يتضمن كل كورس مستويات ومحاور أساسية
جميلة إبراهيم,2024-2025,متجر لبيع قطع السيارات وتشخيص أعطالها باستخدام الذكاء الصنعي,"تطبيق أندرويد لتجارة قطع السيارات يستطيع الزبون عبره ان يتصفح المنتجات واضافتها الى سلة التسوق، ويمكنه رؤية المنتجات التي يقترحها عليه النظام باالعتماد على تقنيات الذكاء الصنعي وبما يتناسب مع سلوكه وخياراته. يستطيع الزبون ايضا تقييم المنتجات واضافتها الى المفضلة."
,,,
عثمان إسماعيل,2024-2025,أداة لبناء الشبكات العصبونية,"یھدف ھذا المشروع إلى تطویر أداة مرئیة تفاعلیة تتیح للمستخدمین بناء وتدریب الشبكات العصبیة العمیقة بسھولة، دون الحاجة إلى كتابة كود برمجي معقد حیث تدعم الأداة أنواعا مختلفة من الشبكات العصبیة مثل : 10 • شبكات العصبیة التلافیفیة (CNN ) • شبكات بیرسیبترون (Perceptron ) • شبكات العصبیة المتكررة (RNN )"
عثمان إسماعيل,2024-2025,روبوت ذكي قابل للحركة للتعرف على الأشخاص وتنبيه الأمان,"يتميز الروبوت بقدرته على محاكاة حركة العنكبوت، مما يمنحه مرونة عالية في التنقل ضمن بيئات متعددة وضيقة، مثل: المنازل، المكاتب، او حتى الأمااكن الخطرة. يتم تزويده بكاميرا مثبتة على هاتف محمول يعمل بتطبيق مطور، يتيح له تحليل الصو ر والتعرف على األشخاص باستخدام Flutter باستخدام Kit Ml Google وعند التعرف على وجه غير معروف، يقوم بتفعيل نظام تنبيه صوتي أو أرسال اشعار فوري للهاتف الذكي. ومن جهة أخرى، يدعم الروبوت استخدام االأوامر الصوتية من المستخدم من خلال التطبيق نفسه، مما يسهل التحكم به دون الحاجة لأدوات اضافية، وهو ما يساهم في تحسين تجربة االستخدام ورفع كفاءة النظام."
عثمان إسماعيل,2024-2025,تصميم وتنفيذ نظام إعادة تأهيل مفصل الكوع باستخدام طابعة ثلاثية الأبعاد,"فكرة المشروع تقوم على تصميم مفصل مساعد ذكي للكوع يُدار بواسطة محرك سيرفو ويتم التحكم فيه بطريقة مبتكرة باستخدام حساس خلية الوزن، يهدف المشروع إلى تمكين المستخدم من تحريك ذراعه بسهولة ودون مجهود كبير، من خلال قراءة التغيرات في الضغط الناتج عن نية الحركة، دون االاعتماد على تقنيات مكلفة مثل مستشعرات الاشارات العضلية"
عثمان إسماعيل,2024-2025,نظام التحكم بالماوس عن طریق تتبع العین والأوامر الصوتیة باستخدام الذكاء الصنعي لذوي الاحتیاجات الخاصة,"يتيح  هذا المشروع الأشخاص الذين يعانون من مشاكل في الحركة في تحسين التواصل بشكل اسهل واكثر فعالية من خلال استخدام حركة العين للتحكم بالماوس وإعطاء الأوامر الصوتية ,وإمكانية الوصول الى التكنولوجيا والاستفادة منها ,ما يمكن استثمارها لتحسين وتسهيل مهامهم اليومية مما يؤدي ذلك على دمج الأشخاص الذين يعانون من مشاكل في الحركة في المجتمع بشكل فعال ويتيح لهم الحصول على فرص عمل من خلال التكنولوجيا"
جميلة إبراهيم,2024-2025,لعبة تفاعلية باستخدام الواقع المعزز,"لعبة مبتكرة تدمج بين العالم الحقيقي والعناصر االافتراضية. تحول أي مساحة إلى ساحة لعب تفاعلية مليئة بالأهداف االفتراضية,لعبة تفاعلية تعتمد على الواقع المعزز ( AR)، حيث يقوم اللاعب برمي كرات افتراضية على أهداف تظهر في بيئته 
الحقيقية عبر كاميرا الهاتف"
ديمة مفتي الشوافعة,2024-2025,التعرف على أمراض الأشجار المثمرة باستخدام الذكاء الاصطناعي,"تطبيق ذكي يعتمد على تقنيات الذكاء االاصطناعي لاكتشاف وتشخيص أمراض الأشجار 
باستخدام الشبكات العصبية التلافيفية (CNN )يتيح التطبيق للمزارعين والمهتمين بالزراعة 
رفع صور لألوراق أو أجزاء الاشجار المصابة، ليقوم الذكاء االصطناعي بتحليلها وتحديد 
المرض المحتمل. باالاضافة إلى ذلك، يوفر التطبيق معلومات مفصلة عن المرض، مثل أسبابه، 
وطرق علاجه، والاجراءات الوقائية. كما يقترح التطبيق مهندسين زراعيين متخصصين يمكن 
للمستخدم التواصل معهم للحصول على استشارات متقدمة."
عثمان إسماعيل,2024-2025,تصنيف أمراض الجلد باستخدام التعلم العميق,يهدف المشروع لبناء تطبيق أجهزة محمولة مزود بنموذج ذكاء صنعي للتعّرف والكشف عن األمراض الجلديّة لمساعدة النّاس في الكشف عن الأمراض مبكرا والوقاية منها. ً في خدمة البشريّة وذلك من خلال تبليغ الأشخاص مستخدمي عن احتماليّة إصابتهم بالمرض لاتخاذ إجراءات استباقية مناسبة للوقاية من المرض أو علاجه.
ديمة مفتي الشوافعة,2024-2025,منصة لتعلم  اللغات الأجنبية,"المنصة تهدف إلى تمكين المستخدمين من استخدام اللغة بثقة في سياقات يومية مثل: السفر (حجز الفنادق، التعامل في المطارات). والعمل (المقابلات، التواصل المهني )والحياة اليومية (زيارة الطبيب، التعامل مع السلطات)و التفاعل االجتماعي (العبارات الشائعة حسب الثقافة المحلية)."
ديمة مفتي الشوافعة,2024-2025,موقع لتصميم الدارات الكهربائية,"يهدف هذا المشروع إلى تطوير منصة تعليمية متكاملة ومبتكرة لطلاب الهندسة الكهربائية واإلالكترونية تحمل اسم فولتيرا. تتمحور الفكرة الأساسية حول توفير بيئة تفاعلية لتصميم ومحاكاة الدارات الكهربائية والالكترونية، مما يتيح للمستخدمين بناء الدارات افتراضيًا واختبارها وتحليل سلوكها بدقة قبل أي تطبيق عملي"
ديمة مفتي الشوافعة,2024-2025,التعلم التكيفي,"بناء منصة تعليمية تكيفية لتعزيز مهارات الطالب في مادة الرياضيات، من خلال نظام ذكي يقدم مسائل 
رياضية مخصصة بنا ًء على احتياجات الطالب الفردية. يعتمد النظام على تقنيات معالجة اللغة الطبيعية 
وتتبع المعرفة لتشخيص نقاط الضعف، وتوليد مسائل مالائمة، وتتبع تقدم الطالب."
اياد هلالي,2024-2025,تشخيص الامراض الصدرية عن طريق الصور الشعاعية للصدر باستخدام الذكاء الاصطناعي," يهدف هذا المشروع إلى تطوير نظام ذكي لتشخيص الأمراض الصدرية(الرئة) ا عتمادا على تحليل صور الأشعة السينية باستخدام تقنيات الذكاء الصناعي، بهدف تسريع ودقة التشخيص، خصوصا في المناطق التي تعاني من 
نقص في الكوادر الطبية. يعتمد النظام على نموذج التعلم العميق 16VGG، وهو من أشهر نماذج الشبكات 
العصبية لجداء الطي (CNN)في تصنيف الصور الطبية"
أحمد بليد,2024-2025,نظام حماية ملكية باستخدام الذكاء الاصطناعي عن طريق  كاميرا,"يهدف هذا المشروع إلى تصميم نظام حماية ذكي يعمل على تأمين الملكيات الخاصة باستخدام كاميرا مراقبة مثبتة 
عند مداخل الملكية. يعتمد النظام على تقنية التعرف على الوجوه، حيث يتم التعرف بشكل آلي على الاشخاص 
المصرح لهم بالدخول، في حال محاولة دخول شخص غير مصرح له، يقوم النظام بالتقاط صورة له وحفظها في 
قاعدة بيانات محلية، إلى جانب إرسال إشعار فوري إلى تطبيق موبايل خاص بالمستخدم"
أحمد بليد,2024-2025,موقع ويب لبيع وشراء العقارات,"يهدف المشروع الى انشاء منصة الكترونية متخصصة في عرض العقارات (بيع-ايجار)داخل سوريا,حيثيسمح الموقع للمستخدمين  بتصفح العقارات بناء على تصنيفات متعددة مع إمكانية تصفية النتائج حسب المحافظة ,عدد الغرف,المساحة,السعر,والموقع الجغرافي على الخريطة كما يوفر صفحة تفاصيل لكل عقار مع صور متعددة ومعلومات دقيقة عنه بالاضافة الى لوحة تحكم متكاملة لادارة العقارات وتوليد رمز QRلكل عقار لتسهيل الوصول الى تفاصيله بسرعة"
اياد هلالي,2024-2025,تصميم تطبيق موقع لأتمتة أسئلة المواد الجامعية,"تطوير تطبيق برمجي يقوم بإنشاء نماذج امتحانات متنوعة وعشوائية مع مراعاة مستويات الصعوبة وأنواع الاسئلة (اختيار من متعدد، صح أو خطأ، مسائل تحتوي على عدة أسئلة). يهدف النظام إلى تسهيل عملية إعداد االامتحانات وتنويعها. في هذا التطبيق يتم استهداف الدكاترة واالاستاذة في الجامعات."
اياد هلالي,2024-2025,متجر الكتروني لبيع الأثاث المنزلي يدعم الواقع المعزز والذكاء الاصطناعي,يهدف هذا المشروع إلى تطوير تطبيق مخصص لبيع االأثاث يعتمد على تقنيات حديثة لتحسين تجربة اللمستخدم  وتسهيل عملية التسوق و واتخاذ القرار الشرائي.
اياد هلالي,2024-2025,تصميم وتنفيذ لعبة هادفة,"تطوير لعبة تعليمية ثلاثية الأبعاد تمزج بين الترفيه والمحتوى الأكاديمي. تستهدف اللعبة فئات متعددة من المتعلمين، منها من ال يمتلك أي خلفية برمجية، ومنها من سبق له أن تعلم البرمجة بطريقة غير منهجية، مما تسبب له بصعوبات في االاستيعاب أو التطبيق."
أحمد بليد,2024-2025,نظام كشف الاحتيالات في المزادات الالكترونية باستخدام الذكاء الاصطناعي,"يقوم النظام بجمع وتحليل بيانات التفاعل داخل المزاد بهدف اكتشاف
الأنماط المشبوهة مثل المزايدات الوهمية أو التلاعب بالأسعار، ومن ثم إصدار تنبيهات فورية
لمسؤولي النظام عند رصد أي نشاط غير طبيعي. كما يتضمن المشروع إنشاء لوحة تحكم تفاعلية
تساعد في مراقبة الأنشطة واتخاذ الاجراءات اللازمة، مما يسهم في تحسين أمان المنصة وزيادة
موثوقيتها لدى المستخدمين"
اياد هلالي,2024-2025,توليد وكشف الأصوات المزيفة باستخدام الذكاء الاصطناعي,"يهدف هذا المشروع إلى تصميم نظام قادر على كشف الأصوات المزيفة والتمييز بينها وبين الأصوات  الحقيقية، مع القدرة على تحديد نوع التزييف المستخدم ,سواء كان ناتجا عن تعديل النبرة ، أو الايقاع ، أو استخدام نموذج توليدي مثل MelGAN، GAN-HiFi، وغيرها."
أحمد بليد,2024-2025,مشروع موقع معلومات عن حلب,تطبيق لتقنيات الويب الحديثة للحفاظ على الثقافة وتعزيز السياحة مما يخلق منصةرقمية مستدامة تفيد الزوار والمجتمعات المحلية والنظام البيئي السياحي الأوسع مع الحفاظ على التراث الثقافي الغني لواحدة من أقدم المدن المؤهلةباستمرار في العالم
أحمد بليد,2024-2025,موقع ويب لخسارة الوزن,"الهدف الأساسي من هذا الموقع هو مساعدة المستخدمين على الوصول إلى وزن صحي ومثالي بطريقة علمية، مخصصة ، وآمنة، من خالل توفير أدوات ذكية وتوصيات مدروسة تتناسب مع الحالة الصحية والبدنية لكل مستخدم ."
سوسن اسجيع -محمود  شعار,2024-2025,تطبيق ويب لادارة جمع التبرعات للعمليات الجراحية,"يهدف مشروع تطبيق ويب لجمع التبرعات للعمليات الجراحية الى توفير منصة رقمية تتيح للمرضى المحتاجين للعالج عرض حاالتهم الصحية بطريقة شفافة، حيث يمكن للمتبرعين الاطلاع على التفاصيل الطبية والتكلفة المطلوبة للمساعدة في تغطية نفقات العمليات الجراحية"
محمود رحال,2024-2025,الكشف عن أورام الدماغ باستخدام الذكاء الاصطناعي,"هو إنشاء موقع ويب للكشف عن أورام الدماغ باستخدام خوارزمية الذكاء الصنعي(CNN)حيث تم التدريب على عدة صور لكل مجموعة من الأورام وتم إجراء عملية االاختبار وتقييم دقة النتائج، وتساعد على اكتشاف الورم المطلوب واستخدمنا تقنية معالجة الصورة التي تهتم بإجراء عمليات على الصور بهدف تحسينها ويمكن استخدام هذا المشروع في تحسين الكشف وتشخيص أورام الدماغ بطريقة أكثر دقة وسرعة باستخدام الذكاء االصطناعي."
احمد بليد,2022_2023,نظام متابعة سير المواصلات ,تطبيق مخصص للسائق يقوم باستقبال طلبات الحجز ومعالجتها وتطبيق مخصص للراكب يقوم الراكب بانشاء حساب عليه ويقوم باستعراض السرافيس المتاحة خلال وقت معين ويقوم بالحجز غليها
محمود رحال,2022_2023,تصميم وتنفيذ برنامج ادارة شركة عبر الويب,في مشروعنا نقدم نموذج عن ادارة موارد شركة تجارية بكامل اقسامها عن طريق موقع الكتروني يساعد بشكل مباشر في ادارة افضل للشؤون المالية والضرائب مما يوفر الكثير من الاموال للمؤسسة حيث يقسم مشروع الى ثلاث اقسام وهي الادارة العامة و قسم الموارد البشرية وإضافة موظف جديد و قسم المالية 
محمود رحال,2022_2023,منظومة تحكم واتمتة عمل كراج,بسبب تفاقم مشكلة ازدياد عدد سيارات بوتيرة سريعة وخصوصا بالاماكن الحيوية وفي قلب مدن ظهرت مشكلة جديدة هي صعوبة ايجاد مواقف للسيارات فابلفترة الاخيرة اصبح من مهم تطبيق فكرة الكراج الذكي مؤتمت وانترنيت الاشياء هدف منه هو توفير من موارد البشرية وتوفير مواقف امنة للسيارات والحفاظ على مظهر حضاري للمدن
عثمان اسماعيل,2022_2023,                                 mammys,تصميم تطبيق لمساعدة المرأة الحامل في حصول على معلومات الصحيحة والمهمة في منابعة حملها ورعاية نفسها وطفلها بحيث يمكن للام الحامل الاعتماد على هذا تطبيق للحصول على معلومات هامة عن فترة الحمل وتطور جنين ونصائح الخاصة بحماية صحتها وصحة جنين وبعد الولادة يساعد الام على رعاية الكاملة لطفلها حتى عمر سنتين
احمد بليد,2022_2023,التسوق عن طريق مقايضة,هو تطبيق يمكن ان يتواجد بين ايدي الجميع ويوفر الكثير من جهد ووقت على المستخدمين ويوفر المال حيث اصبح بامكان اي شخص ان يقايض اشيائه القديمة باخرى يحتاجها فيستفيد ويفيد طرف الاخر ولايضطر لاهدار ماله بالتخلص من الاشياء التي لايريدها او يبيعها بارخص الاثمان
عثمان اسماعيل,2022_2023,        online herb shopping App,ان هذا نظام يمكن المستخدم من شراء الاعشاب او حصول على توصيات بشأن احتياجات المستخدم من الاعشاب من خلال الدردشة مع خبراء مثل خبير الاعشاب الغرض الاساسي من هذا مشروع هو مساعدة المستخدم على بحث بسهولة عن الاعشاب والفواكه التي ستكون مفيدة لصحة المستخدم اعتمادا على اي مشكلة صحية يعاني منها
احمد بليد,2022_2023,نظام حماية من تسريب الغازات والحرائق,في حال حدوث حريق في منزل يرتفع مستوى حرارة بشكل مفاجئ او يتواجد دخان يتفاعل الحساس ويولد اشارة تنبيه يتم تحويل الاشارة التنبيهية الى تنبيه صوتي ووضوئي كذلك الامر يتم ارسال رسالة تحذيرية الى مالك منزل بوجود حريق حيث يتم فتح نوافذ منزل واطلاق مياه ويستطيع مالك تحكم بمنزله بشكل كامل
عثمان اسماعيل,2022_2023,خدمات اولاين,هو عبارة عن برنامج يربط مقدمي الخدمات بطالبي الخدمات بحيث يقوم مقدم الخدمة بانشاء حساب على التطبيق واضافة الخدمة ووصف عنها والاجرة في ساعة ضمن تصنيف الخاص بالخدمة ويتم اضافة الخدمة الى تطبيق ليقوم مستخدم عادي في بحث عن خدمة بحسب تصنيف والمدينة ويقوم بمحادثة الشخص داخل التطبيق للاتفاق على الخدمة وشروطها كما اضافة تقييم الى مقدم الخدمة من قبل زبون الذي قدمت له الخدمة
محمد ايمن نعال,2022_2023,مقارنة وتطبيق نظم قواعد المعطيات غير العلائقية,يهدف الى تعرف على قواعد البيانات غير العلائقية وانجاز دراسة مفصلة تصنيفية وتطبيقية عليها مع مقارنة بينها وبين قاعدة البيانات العلائقية حيث يتألف هذا المشروع من موقع ويب لادارة بنك دن باستخدام قاعدة معطيات غير علائقية يساعد هذا موقع مستخدميه على تسجيل بياناتهم الشخصية من خلال انشاء حساب مستخدم خاص وذلك من اجل التبرع بالدم او من اجل الحصول عليه لمن هو بحاجة اليه
زكريا مهروسة,2022_2023,دراسة وتصميم متجر الكتروني لبيع منتجات الحاسوبية مع ادوات الاختيار الذكي,يهدف الى بناء وتطوير موقع خاص بمتجر الكتروني يمكن زبائن من القيام بعمليات الشراء للمنتجات الحاسوبية والخدمات التي تقدمها المتاجر الكترونيا بالاضافة الى استفادة في دعم المشاريع الصغيرة ومتوسطة الناشئة 
زكريا مهروسة,2022_2023,منظومة cnc للرسم عن طريق اجهزة الاندرويد,يقوم برنامج باعطاء الاوامر بشكل تتابعي لجميع المحركات والمتحكمات واكسسوارات الماكينة للقيام بعمليات التي طلبها المصمم كتابة الاوامر تجعل من سهل تنفيذ عمليات معقدة باستخدام ماكينة 
زكريا مهروسة, 2022_2023,محرر اكواد برمجية يعمل على اجهزة موبايل,عمل تطبيق يعمل على اجزة الموبايل وهو عبارة عن محرر اكواد برمجية app_Compiler للاشخاص اللذين لايملكون حاسب شخصي ويريدون تعلم البرمجة وامكانية كتابة الاكواد في اي وقت تم انشاء تطبيق باستخدام بيئة العمل Android Studio ولغة برمجة Dart و Flutter
سوسن إسجيع,2022_2023,تطبيق فيض من غيض الالكتروني,تطبيق الكتروني يقدم خدمة مجتمعية استثمارية تهدف للحد من هدر الاطعمة والاستفادة من الفائض منها في اطعام محتاجين حيث يهدف مشروع لإعطاء فرص للمتبرعين في مساعدة محتاجين و توفير الاقتصادي واستثمار الموارد الفائضة
جميلة ابراهيم,2022_2023,                                                                             whats Name,يستخدم مشروع للاطلاع على اخر الاخبار الرياضية والتكنولوجية والاقتصادية حيث يستطيع المستخدم البحث عن خبر ما بإدخال كلمة مفتاحية فيقوم تطبيق بإعطائه عدد كبير من مقالات التي تم ارجاعها من ال API المستخدمة في تطبيق كما ان تطبيق يتيح للمستخدم امكانية البحث عن عمل من خلال الاطلاع على فرص العمل المتاحة
عثمان اسماعيل,2022_2023,تطبيق ابلاغات وشكاوي للمؤسسات الحكومية,هذا تطبيق يساعد على تحسين خدمات الحكومية والشركات الخاصة وتحسين علاقتها مع المواطنين وهذا يعني انه سيسهم في تطوير المجتمع بشكل عام حيث يساعد على تسهيل عملية تقديم شكوى ويساعد تطبيق على تحسين جودة الخدمة المقدمة للمواطنين ويساعد على توفير الوقت والجهد الازمين للتواصل مع الجهات المعنية 
جميلة ابراهيم,2022_2023,تطبيق اندرويد لتنظيم الاعراس,يعد تطبيق wedPlan اداة مفيدة للعرسان الذين يرغبون في تنظيم وتخطيط حفل الزفاف بشكل افضل فهو يوفر لهم قائمة بالمهام والاحداث الهامة ويساعدهم في تحليل الميزانية وادارة المصروفات ويجعل من تجربة التخطيط لحفل الزفاف ممتعة وسهلة
محمد ايمن نعال,2022_2023,خدمات ويب,انشاء واستثمار خدمة ويب باستخدام تقنية wcf على مخدم محلي وزبون نركز في هذا مشروع على خطوات انشاء واستثمار خدمة ويب بحيث يمكن للمطلع على هذا المشروع تنفيذ الخطوات المعطاة للحصول على النتائج نفسها 
اياد هلالي, 2022_2023,تطبيق ويب لاتمتة عيادة سنية ,يهدف النظام الى السرعة في انجاز العمل والدقة في نتائج وتوفير الوقت والجهد عند البحث عن ملف معين وتوفير الامن وسرية للملفات وامكانية حفظ الملفات لاطول فترة ممكنة و الانتباه لتواريخ صلاحية المواد مستخدة ونفاذها ومعرفة دفعات المريض المالية فمن مهام نظام هو بناء تطبيق ويب ينجز المهام التالية وهو ادخال بيانات المرضى الجدد وادخال الكلفة الكلية للمعالجة ودفعات واختيار حالة السن الذ يتم معالجته وادخال صورة الفك لسجل المريض ارسال رسالة للمريض قبل موعده بيوم لتذكيره واستعراض ملفات المرضى السابقة والبحث عنهم 
اياد هلالي,2022_2023,تلوين الصور الرمادية باستخدام تقنيات الذكاء الاصطناعي,
ديمة مفتي الشوافعة,2022_2023,تطبيق اندرويد للحد من ظاهرة المفقودات,تصميم تطبيق اندرويد يتم من خلاله تخزين معلومات حول الاشياء التي يفقدها الاشخاص ويجدون صعوبة في ايجادها بسبب فقدانها في اماكن بعيدة بالاضافة الى تخزين معلومات عن الاشياء التي يتم العثور عليها في مكان ما دون هوية صاحبها حيث يتم تواصل معه واعادة الغرض المفقود اليه
محمد ايمن نعال,2022_2023,اتمتة صيدلية عن طريق تطبيق باركود,يهدف الى دقة صرف الادوية وذلك لحماية المريض كما يساهم تطبيق الباركود في تعرف على المواصفات العلبة الدوائية بسهولة ومراقبة كميات الادوية وتنبيه عند قرب من انتهائها واتمتة عمليات الجرد وادارة الحسابات 
ديمة مفتي الشوافعة,  2022_2023,لعبة سيارات لذوي الاحتياجات الخاصة عن طريق حركة الرأس," المشروع عبارة عن لعبة سباق سيارات يتم التحكم بها بالكامل عن طريق حركات الرأس، مما يمنح المستخدم شعوراً بالحرية والاستقلالية والترفيه دون الحاجة لاستخدام اليدين أو أدوات التحكم التقليدية. يهدف الى الدمج الرقمي: كسر الحواجز التقنية أمام ذوي الاحتياجات الخاصة  العلاج الترفيهي: تحسين المهارات الإدراكية والتنسيق البصري الحركي للرأس  الابتكار: تقديم حلول برمجية منخفضة التكلفة (تعتمد على الكاميرا فقط) بدلاً من الأجهزة الباهظة "
محمد ايمن نعال,2022_2023,محاكاة روبوت يوازن على عجلتين,"يهدف إلى بناء نظام محاكاة برمجية لروبوت غير مستقر ديناميكياً يتوازن على عجلتين فقط (مثل مبدأ السكوتر الذكي Segway). يعتمد المشروع على محاكاة قوانين الفيزياء (الجاذبية، العزم، الاحتكاك) وتطبيق خوارزميات تحكم ذكية للحفاظ على وضعية الوقوف العمودي ومنع الروبوت من السقوط أثناء الحركة أو التعرض لمؤثرات خارجية."""
اياد هلالي,2022_2023,تصميم وتنفيذ تطبيق لحماية مواقع الويب من الاختراق,"يهدف إلى تصميم وتنفيذ نظام حماية متطور يعمل كطبقة دفاعية (Firewall) لمواقع الويب. يقوم المشروع بتحليل حركة المرور (Traffic) الواردة للموقع في الوقت الفعلي، واكتشاف المحاولات الاختراقية وتصفيتها قبل وصولها إلى قاعدة البيانات أو خادم الموقع، مما يضمن استمرارية الخدمة وأمان بيانات المستخدمين."
اياد هلالي,2022_2023,تصميم وتنفيذ تطبيق لمتابعة الصحة الغذائية والعلاجية,"يهدف إلى تصميم وتنفيذ تطبيق هاتف محمول متكامل يعمل كمنصة شخصية لمتابعة الحالةالصحيةالصحية والغذائية للمستخدم. يجمع التطبيق بين إدارة النظام  الغذائي اليومي وتتبع الخطة الدوائية، مع توفير تحليلات ذكية وتنبيهات مخصصة لضمان التزام المستخدم بنمط حياة صحي وآمن"
,,,
فيروز شكور,2022_2023,تطبيق اندرويد لمتابعة مرضى الزهايمر عن طريق Gps,"يهدف إلى تصميم وتنفيذ تطبيق أندرويد متكامل لمساعدة أهالي مرضى الزهايمر في مراقبة وحماية ذويهم. يعتمد التطبيق بشكل أساسي على تقنية  تحديد المواقع الجغرافية (GPS) لتوفير طبقة أمان تمنع ضياع المريض وتسهل الوصول إليه في حالات الطوارئ  سيناريو الاستخدام (User Stories): عند المريض: واجهة صفر تعقيد"" فيها بس زر SOS كبير. عند الأهل: خريطة فيها ""نقطة عم تتحرك"" بتمثل المريض، وزر لضبط ""المنطقة الآمنة"""
فيروز شكور,2022_2023,تطبيق لاستخراج سمات معينة من ملفات صوتية,"يهدف هذا المشروع إلى تصميم وتنفيذ نظام برمجبي متقدم لمعالجة الإشارات الرقمية (DSP)، يختص بتحليل واستخراج السمات الجوهرية (Feature Extraction) من الملفات الصوتية الخام. يعتمد النظام على تحويل الموجات الصوتية إلى تمثيلات رياضية ونماذج طيفية (Spectrograms) باستخدام خوارزميات مثل (MFCCs)، مما يتيح فهم الخصائص الفيزيائية والنغمية للصوت وتجهيزها للاستخدام في تطبيقات الذكاء الاصطناعي والتعرف على الأنماط."""
فيروز شكور,2022_2023,نظام مراقبة للصور,"يهدف هذا المشروع إلى تصميم وبناء نظام مراقبة ذكي يعتمد على تقنيات الرؤية الحاسوبية ومعالجة الصور الرقمية. يقوم النظام بتحليل تدفق الصور (Image Stream) لحظياً للكشف عن الأنماط، وتحديد الأجسام، وتتبع الحركة. يتميز النظام بالقدرة على اتخاذ قرارات تلقائية بناءً على محتوى الصورة، مثل إرسال تنبيهات عند رصد دخول غير مصرح به أو التعرف على وجوه محددة، مما يقلل من التدخل البشري ويرفع كفاءة الأنظمة الأمنية."""
زكريا مهروسة,2022_2023,اتمتة نادي رياضي,"يقوم النظام برقمنة سجلات المشتركين، تتبع الاشتراكات المالية، وتنظيم الجداول التدريبية والغذائية. يتميز النظام بقدرته على توفير تقارير إحصائية دقيقية للإدارة، مما يسهل اتخاذ القرارات، ويرفع كفاءة التواصل بين المدرب والمشترك عبر واجهة تفاعلية ذكية."""
جميلة ابراهيم,2022_2023,موقع ويب لمعرض حواسيب محمولة وهواتف ذكية,"يهدف هذا المشروع إلى تصميم وتطوير موقع ويب متطور يعمل كمعرض رقمي ومنصة بيع لأجهزة الحاسوب المحمولة والهواتف الذكية. يركز المشروع على بناء قاعدة بيانات ديناميكية تتيح تصنيف الأجهزة بناءً على مواصفاتها التقنية الدقيقة (المعالج، الذاكرة، الشاشة)، مع توفير نظام مقارنة ذكي يساعد المستخدم في اتخاذ قرار الشراء. يتبنى الموقع معايير التصميم المتجاوب (Responsive Design) لضمان تجربة مستخدم سلسة عبر كافة الأجهزة، مع نظام إدارة محتوى (CMS) قوي يتيح لمدير المعرض تحديث المخزون والأسعار لحظياً."""
احمد بليد,2022_2023,تحكم بالحاسوب عن طريق حركة يد,"يهدف هذا المشروع إلى ابتكار وسيلة تفاعل غير تلامسية بين المستخدم وجهاز الحاسوب، وذلك من خلال تصميم وتنفيذ نظام برمجبي يقوم بتحليل إيماءات اليد (Hand Gestures) لحظياً وتحويلها إلى أوامر تحكم فعلية (مثل تحريك المؤشر، النقر، التكبير، أو التنقل بين الصفحات). يعتمد المشروع على خوارزميات الذكاء الاصطناعي ومعالجة الصور لتعقب مفاصل اليد بدقة عالية باستخدام كاميرا الويب العادية، مما يلغي الحاجة للأجهزة الطرفية التقليدية."""
احمد بليد,2022_2023,منصة الكترونية لجمعية خيرية,"يهدف هذا المشروع إلى تصميم وتنفيذ منصة إلكترونية متكاملة لأتمتة العمليات الإدارية والمالية داخل الجمعيات الخيرية. تعمل المنصة كجسر تقني يربط بين المتبرعين وحالات الاحتياج الفعلي بفعالية عالية، مع توفير نظام تتبع لحظي للتبرعات لضمان أعلى مستويات الشفافية. يعتمد النظام على بنية برمجية تدعم قواعد البيانات الضخمة، وتوفر واجهات سهلة الاستخدام تضمن سرعة الوصول للخدمات وتوزيع المساعدات بشكل عادل ودقيق."""
ديما مفتي الشوافعة,2022_2023, موقع تكيفي للتدريب على حل مسائل برمجية تنافسية,"يتميز النظام ببيئة محاكاة ذكية تقوم بتحليل أداء المستخدم في حل الخوارزميات وهياكل البيانات (Data Structures)، ومن ثم استخدام خوارزمية تكيفية لترشيح المسائل البرمجية التي تقع ضمن 'منطقة التعلم القريبة' للمستخدم (بناءً على زمن الحل، عدد المحاولات، وتعقيد الكود). يوفر النظام مصححاً آلياً (Online Judge) لتقييم الحلول لحظياً وضمان كفاءتها البرمجية من حيث الوقت والمساحة."""
محمود رحال,2022_2023,اتمتة خدمات امتحانية للمعاهد,"يهدف هذا المشروع إلى تحويل العمليات الامتحانية التقليدية في المعاهد إلى نظام رقمي متكامل يضمن السرعة والدقة. يقوم النظام بأتمتة كافة مراحل العملية الامتحانية؛ بدءاً من توزيع الطلاب على القاعات وتوليد أرقام الجلوس، مروراً بإدخال الدرجات ومعالجتها وفق اللوائح الأكاديمية، وصولاً إلى استخراج النتائج والمصدقات آلياً. يركز المشروع على توفير أقصى درجات الأمان وحماية البيانات من التلاعب، مع تقديم تقارير إحصائية دقيقة للإدارة حول نسب النجاح والرسوب."""
سوسن اسجيع,2022_2023,ادارة فندق مع تقديم خدمة الكراج الذكي,"يهدف هذا المشروع إلى تصميم وتنفيذ منصة برمجية شاملة لأتمتة عمليات الفنادق، بدءاً من الحجز والاستقبال (Front Desk) وصولاً إلى إدارة المرافق. الميزة التنافسية للمشروع هي نظام الكراج الذكي (Smart Parking) المدمج؛ حيث يقوم النظام بتخصيص مواقف السيارات للنزلاء آلياً عند الحجز، مع مراقبة توفر المواقف لحظياً باستخدام الحساسات، مما يرفع كفاءة استغلال المساحات ويحسن تجربة النزيل عبر تقليل وقت البحث عن موقف."""
عثمان اسماعيل,2022_2023,تطبيق للتسوق داخل مول باستخدام الواقع المعزز,"يهدف هذا المشروع إلى تحويل تجربة التسوق التقليدية داخل المراكز التجارية إلى تجربة رقمية تفاعلية باستخدام تقنية الواقع المعزز (Augmented Reality). يقوم التطبيق بمساعدة المتسوقين على الملاحة الداخلية (Indoor Navigation) للوصول إلى المتاجر والمنتجات بسهولة، مع عرض معلومات إضافية، عروض ترويجية، وأسعار المنتجات بشكل افتراضي فوق المنتجات الحقيقية عبر كاميرا الهاتف، مما يساهم في تخصيص تجربة المستخدم ورفع كفاءة التسوق"
جميلة ابراهيم,2022_2023,تطبيق اندرويد لادارة شركة سيارات ,"يهدف هذا المشروع إلى تصميم وتنفيذ تطبيق أندرويد متكامل لأتمتة العمليات الإدارية والتقنية داخل شركات السيارات. يوفر التطبيق نظاماً مركزياً لإدارة المخزون (Inventory)، وتتبع المبيعات، وعقود الصيانة أو التأجير. يركز المشروع على رقمنة السجلات الورقية وتحويلها إلى قاعدة بيانات ديناميكية تتيح للإدارة مراقبة الأداء المالي، وحالة المركبات، وتفاعلات العملاء لحظياً، مع توفير تقارير تحليلية تدعم اتخاذ القرارات الاستراتيجية للشركة"
ديمة مفتي الشوافعة,2022_2023,معرفة اراء المستخدمين حول منتجات عدة,"يهدف هذا المشروع إلى تصميم وتنفيذ نظام برمجبي يقوم بجمع وتحليل آراء المستخدمين (Reviews) حول منتجات متنوعة من منصات التجارة الإلكترونية. يعتمد النظام على تقنيات تعلم الآلة (Machine Learning) ومعالجة اللغات الطبيعية (NLP) لتصنيف التعليقات آلياً إلى (إيجابية، سلبية، أو محايدة). يساهم المشروع في تقديم رؤية تحليلية دقيقة للشركات حول جودة منتجاتها ومدى رضا العملاء، مما يساعد في اتخاذ قرارات تطويرية مبنية على بيانات واقعية بدلاً من التخمين"
سوسن اسجيع,2022_2023,منتجع نادي الفروسية الريفي,"يهدف هذا المشروع إلى تصميم وتنفيذ نظام إداري وتقني متكامل لأتمتة العمليات داخل منتجعات نوادي الفروسية الريفية. يجمع النظام بين إدارة المنشآت الفندقية (الشاليهات والمطاعم) وإدارة الأنشطة الرياضية (إسطبلات الخيول، جداول التدريب، والسباقات). يركز المشروع على رقمنة السجلات الصحية والتدريبية للخيول، وتنظيم حجوزات الزوار عبر منصة موحدة تضمن كفاءة التشغيل وتوفر تجربة مستخدم عصرية تمزج بين الأصالة والتقنية."""
جميلة ابراهيم,2022_2023,تطبيق اندرويد لتنظيم رحلات السفر بين محافظات,"يهدف هذا المشروع إلى تصميم وتنفيذ تطبيق أندرويد متكامل لأتمتة وتنظيم رحلات السفر البري بين المحافظات. يعمل التطبيق كمنصة مركزية تربط بين شركات النقل (أو السائقين) والمسافرين، مما يسهل عملية حجز المقاعد، تتبع الرحلات لحظياً، وإدارة الجداول الزمنية. يركز المشروع على تحسين كفاءة النقل وتوفير تجربة مستخدم آمنة وموثوقة من خلال قاعدة بيانات ديناميكية تضمن دقة المواعيد وتوافر المعلومات في الوقت الفعلي."
زكريا مهروسة,2022_2023,تصميم لعبة FloppBrids واستعمال خوارزمية Neat في ذكاء صنعي لتعلم الالة,"بيئة محاكاة للعبة Flappy Bird ودمجها مع خوارزمية NEAT (NeuroEvolution of Augmenting Topologies) لتدريب وكيل ذكاء اصطناعي (AI Agent) على لعب اللعبة واجتياز العقبات بشكل ذاتي. بدلاً من البرمجة التقليدية للأوامر، يعتمد المشروع على التطور العصبي؛ حيث يبدأ النظام بمجموعة من الطيور ذات أدمغة إلكترونية عشوائية، ومن ثم تتطور هذه الأدمغة عبر الأجيال (Generations) من خلال عمليات الطفرة (Mutation) والانتخاب الطبيعي (Natural Selection) للوصول إلى النموذج الأمثل القادر على اللعب بمهارة تفوق البشر"
سوسن اسجميع,2022_2023,منظوفة شريان اسعافية,"يهدف هذا المشروع إلى تصميم وتنفيذ منظومة رقمية متكاملة لأتمتة عمليات الإسعاف والطوارئ. تعمل المنصة كحلقة وصل تقنية بين المتصل (المصاب)، مركز العمليات، وسيارات الإسعاف. يعتمد النظام على تقنيات تحديد المواقع اللحظي (Real-time GPS) وخوارزميات التوجيه الذكي لضمان وصول أقرب سيارة إسعاف للمريض عبر أسرع مسار ممكن، مع توفير واجهة لتبادل البيانات الحيوية للمريض مع المستشفى قبل وصوله، مما يساهم في إنقاذ الأرواح وتقليل زمن الاستجابة."""
محمود رحال,2022_2023,الكشف عن فقاعة هوائية وقياس برامترات فيزيولجية,"يهدف هذا المشروع إلى تصميم وتنفيذ نظام مؤتمت يعتمد على الرؤية الحاسوبية للكشف عن الفقاعات الهوائية ضمن الأوساط السائلة وتحليل سلوكها. يقوم النظام بمعالجة دفق الصور اللحظي (Real-time Video Stream) لعزل الفقاعات عن الخلفية، ومن ثم استخدام خوارزميات رياضية لقياس برامتراتها الفيزيائية بدقة عالية. يساهم المشروع في تطوير أنظمة المراقبة الصناعية والمخبرية التي تتطلب دقة متناهية في مراقبة جودة السوائل أو دراسة الظواهر الفيزيائية المعقدة"
سوسن اسجيع,2022_2023,مدرب اللياقة البدني الذاتي الرقمي,"يهدف هذا المشروع إلى تصميم وتنفيذ مدرب رياضي افتراضي يعتمد على تقنيات الذكاء الاصطناعي لتوجيه المستخدمين وتصحيح أخطائهم الحركية أثناء التمرين دون الحاجة لمدرب بشري. يقوم النظام بتحليل هيكل الجسم البشري (Human Pose Estimation) من خلال كاميرا الهاتف أو الحاسوب، ومقارنة الزوايا الحركية للمستخدم بالمعايير الصحيحة لكل تمرين، مع تقديم تغذية راجعة صوتية وبصرية فورية لضمان الأداء السليم وتجنب الإصابات"
